state,year,Incident,Population,Murder rate,Unemployment rate,ammpermit,Median Household income,Crime rate
Alabama,2000,1163,4452173,26.12207567,4.6,0,35424,
Alaska,2000,48,627963,7.643762451,6.3,0,52847,
Arizona,2000,1749,5160586,33.89149992,4,0,39783,
Arkansas,2000,222,2678588,8.287948725,4.2,0,29697,
California,2000,17634,33987977,51.88305265,4.9,0,46816,
Colorado,2000,227,4326921,5.24622474,2.7,0,48240,
Connecticut,2000,161,3411777,4.718948513,2.1,0,50172,
Delaware,2000,37,786373,4.705146286,3.6,0,50365,
Florida,2000,332520,16047515,2072.096521,3.8,0,38856,
Georgia,2000,1773,8227303,21.55019695,3.5,0,41901,
Hawaii,2000,54,1213519,4.449868523,4.2,0,51546,
Idaho,2000,17,1299430,1.308265932,4.7,0,37611,
Illinois,2000,18114,12434161,145.6793104,4.4,1,46064,
Indiana,2000,873,6091866,14.33058442,3,0,40865,
Iowa,2000,59,2929067,2.014293289,2.7,0,40991,
Kansas,2000,52,2693681,1.93044388,3.8,0,41059,
Kentucky,2000,143,4049021,3.531717914,4.1,0,36265,
Louisiana,2000,2744,4471885,61.3611486,5.2,0,30718,
Maine,2000,18,1277072,1.409474172,3.3,0,37266,
Maryland,2000,3695,5311034,69.57213981,3.5,0,54535,
Massachusetts,2000,186,6361104,2.924020736,2.8,1,46753,
Michigan,2000,8064,9952450,81.02527518,3.6,0,45512,
Minnesota,2000,230,4933692,4.661823235,3,0,54251,
Mississippi,2000,262,2848353,9.198298104,5.3,0,34299,
Missouri,2000,1605,5607285,28.62347821,3.4,0,45097,
Montana,2000,13,903773,1.438414292,4.8,0,32777,
Nebraska,2000,30,1713820,1.750475546,2.8,0,41750,
Nevada,2000,496,2018741,24.56976898,4.1,0,45758,
New Hampshire,2000,15,1239882,1.209792545,2.7,0,50926,
New Jersey,2000,741,8430621,8.789388113,3.7,0,50405,
New Mexico,2000,194,1821204,10.65229376,5,0,35093,
New York,2000,21413,19001780,112.6894428,4.5,0,40744,
North Carolina,2000,1000,8081614,12.37376593,3.7,0,38317,
North Dakota,2000,4,642023,0.623030639,3,0,35996,
Ohio,2000,901,11363543,7.928865144,4.1,0,42962,
Oklahoma,2000,311,3454365,9.003101873,3,0,32432,
Oregon,2000,98,3429708,2.85738611,5.2,0,42499,
Pennsylvania,2000,5270,12284173,42.90073088,4.2,0,42176,
Rhode Island,2000,Not Found,1050268,#VALUE!,4,0,42197,
South Carolina,2000,376,4024223,9.343418593,3.7,0,37570,
South Dakota,2000,8,755844,1.058419462,2.5,0,36475,
Tennessee,2000,1604,5703719,28.1220025,3.9,0,34096,
Texas,2000,6777,20944499,32.3569449,4.4,0,38609,
Utah,2000,63,2244502,2.806858715,3.3,0,47550,
Vermont,2000,10,609618,1.640371511,2.8,0,39594,
Virginia,2000,775,7105817,10.90655726,2.3,0,47163,
Washington,2000,290,5910512,4.906512329,5.1,0,42525,
West Virginia,2000,85,1807021,4.703874498,5.6,0,29411,
Wisconsin,2000,806,5373999,14.99814198,3.4,0,45088,
Wyoming,2000,12,494300,2.427675501,3.8,0,39629,
Alabama,2001,734,4467634,16.42927778,5.2,0,35160,
Alaska,2001,49,633714,7.732194649,6.3,0,57363,
Arizona,2001,2929,5273477,55.54210249,4.7,0,42704,
Arkansas,2001,602,2691571,22.36612001,4.8,0,33339,
California,2001,19685,34479458,57.09196473,5.5,0,47262,
Colorado,2001,300,4425687,6.778608609,3.8,0,49397,
Connecticut,2001,174,3432835,5.068696864,2.9,0,53347,
Delaware,2001,39,795699,4.901350888,3.6,0,49602,
Florida,2001,442633,16356966,2706.082534,4.4,0,36421,
Georgia,2001,2154,8377038,25.71314586,4.1,0,42576,
Hawaii,2001,57,1225948,4.649463109,4.3,0,47439,
Idaho,2001,35,1319962,2.651591485,5.1,0,38241,
Illinois,2001,20789,12488445,166.4658811,5.4,1,46171,
Indiana,2001,1274,6127760,20.79063149,4.2,0,40379,
Iowa,2001,63,2931997,2.148706155,3.3,0,40976,
Kansas,2001,105,2702162,3.885777389,4.3,0,41415,
Kentucky,2001,147,4068132,3.613452071,5.2,0,38437,
Louisiana,2001,3090,4477875,69.0059459,5.6,0,33322,
Maine,2001,21,1285692,1.633361645,3.8,0,36612,
Maryland,2001,3898,5374691,72.52509958,4.2,0,53530,
Massachusetts,2001,351,6397634,5.486403255,3.8,1,52253,
Michigan,2001,7667,9991120,76.73814347,5.2,0,45047,
Minnesota,2001,215,4982796,4.314846524,3.8,0,52681,
Mississippi,2001,322,2852994,11.28638897,5.5,0,30161,
Missouri,2001,1965,5641142,34.83337239,4.5,0,41339,
Montana,2001,22,906961,2.425683133,4.6,0,32126,
Nebraska,2001,20,1719836,1.162901579,3.1,0,43611,
Nevada,2001,1998,2098399,95.21544759,5.2,0,45403,
New Hampshire,2001,20,1255517,1.592969271,3.4,0,51331,
New Jersey,2001,767,8492671,9.031316532,4.2,0,51771,
New Mexico,2001,166,1831690,9.062668901,5,0,33124,
New York,2001,20354,19082838,106.6612838,4.9,0,42114,
North Carolina,2001,882,8210122,10.74283671,5.6,0,38162,
North Dakota,2001,9,639062,1.40831406,2.8,0,35793,
Ohio,2001,1329,11387404,11.67078994,4.4,0,41785,
Oklahoma,2001,389,3467100,11.21975138,3.6,0,35609,
Oregon,2001,126,3467937,3.633283996,6.4,0,41273,
Pennsylvania,2001,5044,12298970,41.01156438,4.8,0,43499,
Rhode Island,2001,Not Found,1057142,#VALUE!,4.5,0,45723,
South Carolina,2001,435,4064995,10.70112017,5.3,0,37736,
South Dakota,2001,10,757972,1.319309948,3,0,39671,
Tennessee,2001,1749,5750789,30.41321808,4.5,0,35783,
Texas,2001,7635,21319622,35.8120796,5,0,40860,
Utah,2001,119,2283715,5.210807828,4.4,0,47342,
Vermont,2001,7,612223,1.143374228,3.3,0,40794,
Virginia,2001,680,7198362,9.446593544,3.3,0,50241,
Washington,2001,291,5985722,4.861568913,6,0,42490,
West Virginia,2001,44,1801481,2.442434863,5.4,0,29673,
Wisconsin,2001,1558,5406835,28.81537905,4.4,0,45346,
Wyoming,2001,12,494657,2.425923418,3.8,0,39719,
Alabama,2002,601,4480089,13.41491207,5.9,0,37603,
Alaska,2002,63,642337,9.80793571,7.2,0,52774,
Arizona,2002,2488,5396255,46.10604947,6.2,0,39734,
Arkansas,2002,1207,2705927,44.60578574,5.3,0,32387,
California,2002,23872,34871843,68.45637611,6.8,0,47437,
Colorado,2002,351,4490406,7.81666513,5.7,0,48294,
Connecticut,2002,122,3458749,3.527286889,4.4,0,53387,
Delaware,2002,38,806169,4.713651852,4.3,0,49650,
Florida,2002,470600,16689370,2819.758924,4.9,0,38024,
Georgia,2002,2069,8508256,24.31755697,5.3,0,42939,
Hawaii,2002,38,1239613,3.065472853,4,0,47303,
Idaho,2002,37,1340372,2.760427702,5.6,0,37715,
Illinois,2002,19581,12525556,156.3283897,6.6,1,42710,
Indiana,2002,1047,6155967,17.00788844,5.2,0,41047,
Iowa,2002,53,2934234,1.806263577,4,0,41049,
Kansas,2002,104,2713535,3.832638975,5.1,0,42619,
Kentucky,2002,161,4089875,3.936550628,5.8,0,36762,
Louisiana,2002,3815,4497267,84.82929744,6,0,34008,
Maine,2002,17,1295960,1.311768882,4.5,0,36853,
Maryland,2002,3877,5440389,71.2632865,4.8,0,56407,
Massachusetts,2002,345,6417206,5.376171499,5.2,1,49855,
Michigan,2002,7749,10015710,77.36845416,6.2,0,42715,
Minnesota,2002,207,5018935,4.124380969,4.5,0,54622,
Mississippi,2002,340,2858681,11.89359708,6.4,0,30882,
Missouri,2002,1254,5674825,22.09759772,5.3,0,42776,
Montana,2002,13,911667,1.425959259,4.6,0,34835,
Nebraska,2002,25,1728292,1.446514825,3.7,0,42796,
Nevada,2002,1011,2173791,46.50861099,5.7,0,44958,
New Hampshire,2002,16,1269089,1.260746882,4.5,0,55321,
New Jersey,2002,626,8552643,7.319374841,5.8,0,54568,
New Mexico,2002,329,1855309,17.73289517,5.5,0,35457,
New York,2002,17655,19137800,92.25198299,6.2,0,41966,
North Carolina,2002,1001,8326201,12.02228964,6.9,0,36515,
North Dakota,2002,5,638168,0.783492748,3.4,0,36200,
Ohio,2002,1425,11407889,12.49135576,5.8,0,42684,
Oklahoma,2002,290,3489080,8.311646623,4.6,0,36458,
Oregon,2002,93,3513424,2.646990514,7.5,0,41802,
Pennsylvania,2002,4409,12331031,35.7553233,5.6,0,42498,
Rhode Island,2002,Not Found,1065995,#VALUE!,5.1,0,42417,
South Carolina,2002,382,4107795,9.299392983,6.4,0,37812,
South Dakota,2002,18,760020,2.368358727,3.2,0,37873,
Tennessee,2002,1745,5795918,30.10739627,5.1,0,37030,
Texas,2002,6888,21690325,31.75609402,6.3,0,40149,
Utah,2002,64,2324815,2.752907221,5.7,0,47861,
Vermont,2002,13,615442,2.112303028,3.8,0,42999,
Virginia,2002,861,7286873,11.81576789,4.4,0,49631,
Washington,2002,308,6052349,5.088933239,7.1,0,45183,
West Virginia,2002,81,1805414,4.486505588,6.5,0,29359,
Wisconsin,2002,700,5445162,12.85544856,5.3,0,45903,
Wyoming,2002,17,500017,3.399884404,4,0,39763,
Alabama,2003,749,4503491,16.63154206,6,0,37255,
Alaska,2003,69,648414,10.64134951,7.7,0,51837,
Arizona,2003,3319,5510364,60.23195564,5.8,0,41166,
Arkansas,2003,299,2724816,10.97321801,5.8,0,32002,
California,2003,17366,35253159,49.26083362,6.9,0,49300,
Colorado,2003,409,4528732,9.031225517,6.1,0,49940,
Connecticut,2003,189,3484336,5.42427596,5.5,0,54965,
Delaware,2003,23,818003,2.811725629,4.5,0,49019,
Florida,2003,482928,17004085,2840.070489,4.5,0,38972,
Georgia,2003,1999,8622793,23.18274369,5.1,0,42438,
Hawaii,2003,30,1251154,2.397786364,3.9,0,51834,
Idaho,2003,31,1363380,2.2737608,5.6,0,42372,
Illinois,2003,17431,12556006,138.8259929,6.7,1,45153,
Indiana,2003,1008,6196638,16.26688537,5.3,0,42425,
Iowa,2003,58,2941999,1.971448665,4.4,0,41384,
Kansas,2003,132,2723004,4.847587444,5.5,0,44232,
Kentucky,2003,169,4117170,4.10476128,6.2,0,36936,
Louisiana,2003,4041,4521042,89.38204954,6.3,0,33507,
Maine,2003,16,1306513,1.224633815,5.1,0,37113,
Maryland,2003,4210,5496269,76.59741545,4.8,0,52314,
Massachusetts,2003,250,6422565,3.892525805,5.7,1,50955,
Michigan,2003,7057,10041152,70.28078053,7.1,0,45022,
Minnesota,2003,251,5053572,4.966783891,4.8,0,52823,
Mississippi,2003,288,2868312,10.04074871,6.1,0,32728,
Missouri,2003,950,5709403,16.6392178,5.7,0,43762,
Montana,2003,22,919630,2.392266455,4.7,0,34108,
Nebraska,2003,24,1738643,1.380386888,3.9,0,43974,
Nevada,2003,1127,2248850,50.11450297,5.3,0,45184,
New Hampshire,2003,11,1279840,0.859482435,4.5,0,55567,
New Jersey,2003,880,8601402,10.23089027,5.8,0,56045,
New Mexico,2003,239,1877574,12.72919203,5.9,0,35105,
New York,2003,19141,19175939,99.81779771,6.4,0,42788,
North Carolina,2003,868,8422501,10.30572748,6.7,0,37279,
North Dakota,2003,8,638817,1.252314826,3.5,0,40410,
Ohio,2003,1562,11434788,13.66006961,6.2,0,43520,
Oklahoma,2003,539,3504892,15.37850524,5.4,0,35902,
Oregon,2003,118,3547376,3.326402389,8,0,41638,
Pennsylvania,2003,6253,12374658,50.53068941,5.7,0,42933,
Rhode Island,2003,Not Found,1071342,#VALUE!,5.6,0,44711,
South Carolina,2003,393,4150297,9.469201843,7.2,0,38479,
South Dakota,2003,11,763729,1.440301468,3.5,0,39522,
Tennessee,2003,1459,5847812,24.94950248,5.5,0,37523,
Texas,2003,8049,22030931,36.53499709,6.7,0,39271,
Utah,2003,75,2360137,3.177781629,5.6,0,49275,
Vermont,2003,15,617858,2.427742297,4.4,0,43261,
Virginia,2003,908,7366977,12.32527263,4.3,0,54783,
Washington,2003,309,6104115,5.062158888,7.2,0,47508,
West Virginia,2003,72,1812295,3.972863138,6.6,0,32763,
Wisconsin,2003,774,5479203,14.12614207,5.6,0,46269,
Wyoming,2003,18,503453,3.575308917,4.3,0,42555,
Alabama,2004,502,4530729,11.07989465,5.6,0,36629,
Alaska,2004,70,659286,10.61754686,7.4,0,55063,
Arizona,2004,2755,5652404,48.74032359,5,0,43846,
Arkansas,2004,993,2749686,36.11321438,5.6,0,34984,
California,2004,17046,35574576,47.91624221,6.2,0,49222,
Colorado,2004,644,4575013,14.07646273,5.6,0,50886,
Connecticut,2004,130,3496094,3.718435488,5.1,0,55100,
Delaware,2004,35,830803,4.212791721,4.3,0,48049,
Florida,2004,507024,17415318,2911.368027,3.8,0,40535,
Georgia,2004,1441,8769252,16.43241636,5.1,0,40984,
Hawaii,2004,56,1273569,4.397091952,3.3,0,56242,
Idaho,2004,39,1391802,2.802122716,4.9,0,44358,
Illinois,2004,9890,12589773,78.55582464,6.2,1,46077,
Indiana,2004,1003,6233007,16.09175154,5.4,0,42329,
Iowa,2004,55,2953635,1.862112279,4.5,0,43391,
Kansas,2004,107,2734373,3.913145719,5.5,0,41066,
Kentucky,2004,736,4146101,17.75161772,5.5,0,35610,
Louisiana,2004,3875,4552238,85.12296589,5.7,0,36429,
Maine,2004,19,1313688,1.446309931,4.7,0,41329,
Maryland,2004,4728,5546935,85.23626111,4.6,0,57103,
Massachusetts,2004,347,6412281,5.411490856,5.1,1,52019,
Michigan,2004,7581,10055315,75.39296382,7,0,42256,
Minnesota,2004,251,5087713,4.933454383,4.6,0,56104,
Mississippi,2004,309,2889010,10.69570545,6.1,0,34755,
Missouri,2004,1646,5747741,28.63733769,5.9,0,42137,
Montana,2004,31,930009,3.333301076,4.5,0,33956,
Nebraska,2004,35,1749370,2.000720259,3.9,0,43786,
Nevada,2004,1051,2346222,44.79542004,4.4,0,47204,
New Hampshire,2004,14,1290121,1.085169531,3.8,0,56815,
New Jersey,2004,1005,8634561,11.63927153,4.9,0,55275,
New Mexico,2004,301,1903808,15.81041786,5.6,0,39562,
New York,2004,15679,19171567,81.78256895,5.8,0,44649,
North Carolina,2004,761,8553152,8.89730476,5.9,0,40238,
North Dakota,2004,8,644705,1.240877611,3.4,0,39220,
Ohio,2004,1278,11452251,11.15937819,6.3,0,43055,
Oklahoma,2004,412,3525233,11.68717075,4.7,0,39614,
Oregon,2004,164,3569463,4.594528645,7.4,0,40994,
Pennsylvania,2004,5852,12410722,47.15277645,5.4,0,44106,
Rhode Island,2004,Not Found,1074579,#VALUE!,5.3,0,47935,
South Carolina,2004,400,4210921,9.499109577,7.4,0,38691,
South Dakota,2004,16,770396,2.076853982,3.6,0,41107,
Tennessee,2004,1123,5910809,18.99909133,5.3,0,38072,
Texas,2004,8267,22394023,36.91610034,6,0,41397,
Utah,2004,71,2401580,2.956387045,5,0,50871,
Vermont,2004,17,619920,2.742289328,3.7,0,47329,
Virginia,2004,816,7475575,10.9155483,4.1,0,51141,
Washington,2004,275,6178645,4.450814054,6.3,0,49922,
West Virginia,2004,73,1816438,4.018854483,5.8,0,33373,
Wisconsin,2004,487,5514026,8.832022192,5,0,45732,
Wyoming,2004,13,509106,2.553495736,3.8,0,45397,
Alabama,2005,924,4569805,20.21968115,4.4,0,37150,433
Alaska,2005,53,666946,7.946670345,6.9,0,55891,632
Arizona,2005,2896,5839077,49.59687978,4.7,0,45245,512
Arkansas,2005,308,2781097,11.07476654,5.3,0,36658,529
California,2005,16147,35827943,45.06817486,5.4,0,51755,526
Colorado,2005,400,4631888,8.635787394,5.1,0,50449,397
Connecticut,2005,159,3506956,4.533846447,4.8,0,56835,273
Delaware,2005,48,845150,5.679465184,4.5,0,51235,633
Florida,2005,472720,17842038,2649.473115,2.9,0,42990,709
Georgia,2005,1439,8925922,16.12158385,5.7,0,45926,446
Hawaii,2005,36,1292729,2.784806406,2.8,0,59586,256
Idaho,2005,42,1428241,2.940680179,4,0,44176,257
Illinois,2005,9932,12609903,78.76349247,5.7,1,48398,552
Indiana,2005,1061,6278616,16.89862861,5.4,0,42437,324
Iowa,2005,45,2964454,1.517986111,4.3,0,46500,293
Kansas,2005,164,2745299,5.973848386,5.1,0,42027,389
Kentucky,2005,551,4182742,13.17317683,5.9,0,36699,267
Louisiana,2005,2405,4576628,52.54960639,7.2,0,37236,597
Maine,2005,21,1318787,1.592372385,4.9,0,43923,113
Maryland,2005,4947,5592379,88.45966985,4.5,0,60512,704
Massachusetts,2005,437,6403290,6.82461672,4.8,1,56017,461
Michigan,2005,6445,10051137,64.12209882,6.8,0,45933,554
Minnesota,2005,230,5119598,4.492540235,4.1,0,54215,297
Mississippi,2005,241,2905943,8.293349181,7.6,0,32875,280
Missouri,2005,1950,5790300,33.67701155,5.4,0,42986,526
Montana,2005,24,940102,2.552914471,4.1,0,37313,282
Nebraska,2005,15,1761497,0.851548427,3.8,0,47923,287
Nevada,2005,1539,2432143,63.27752932,4.1,0,48209,608
New Hampshire,2005,18,1298492,1.386223404,3.6,0,56984,135
New Jersey,2005,1075,8651974,12.4249102,4.4,0,63368,355
New Mexico,2005,288,1932274,14.90471848,5.2,0,38947,646
New York,2005,14605,19132610,76.33563847,5,0,47176,444
North Carolina,2005,1087,8705407,12.48649259,5.6,0,42056,489
North Dakota,2005,11,646089,1.702551816,3.3,0,42192,111
Ohio,2005,2008,11463320,17.51674035,5.9,0,44203,350
Oklahoma,2005,481,3548597,13.55465273,4.3,0,37645,509
Oregon,2005,135,3613202,3.736298164,6.2,0,44159,287
Pennsylvania,2005,7151,12449990,57.43779714,5,0,46300,425
Rhode Island,2005,Not Found,1067916,#VALUE!,5.1,0,49484,252
South Carolina,2005,435,4270150,10.18699577,7.3,0,40230,767
South Dakota,2005,15,775493,1.934253436,3.6,0,43151,179
Tennessee,2005,1900,5991057,31.71393629,5.5,0,39406,757
Texas,2005,9132,22778123,40.09109969,5.5,0,41422,528
Utah,2005,67,2457719,2.726104978,4,0,54813,225
Vermont,2005,10,621215,1.609748638,3.5,0,50704,126
Virginia,2005,1012,7577105,13.3560245,3.8,0,51914,283
Washington,2005,318,6257305,5.082060088,5.6,0,50646,346
West Virginia,2005,84,1820492,4.614137277,5.5,0,36445,274
Wisconsin,2005,975,5546166,17.57971182,4.8,0,44650,242
Wyoming,2005,17,514157,3.30638307,3.6,0,44718,230
Alabama,2006,955,4628981,20.63089047,4,0,37952,425
Alaska,2006,68,675302,10.06956887,6.6,0,56418,688
Arizona,2006,3320,6029141,55.0658875,4.3,0,46657,501
Arkansas,2006,435,2821761,15.41590517,5.2,0,37057,552
California,2006,15898,36021202,44.13511798,4.9,0,55319,533
Colorado,2006,344,4720423,7.287482499,4.2,0,55697,362
Connecticut,2006,157,3517460,4.463448056,4.4,0,62404,281
Delaware,2006,58,859268,6.749931337,3.9,0,52438,682
Florida,2006,657945,18166990,3621.651138,2.5,0,45676,712
Georgia,2006,1751,9155813,19.12446224,5.1,0,49344,471
Hawaii,2006,41,1309731,3.130413803,2.5,0,60470,281
Idaho,2006,33,1468669,2.246932427,3.4,0,46213,247
Illinois,2006,10737,12643955,84.91804977,4.6,1,48671,542
Indiana,2006,1260,6332669,19.89682391,5,0,45407,315
Iowa,2006,55,2982644,1.844001497,3.7,0,48126,284
Kansas,2006,407,2762931,14.73073341,4.4,0,45552,425
Kentucky,2006,387,4219239,9.172270165,5.7,0,39485,263
Louisiana,2006,2209,4302665,51.34027399,4.1,0,36488,698
Maine,2006,29,1323619,2.190962807,4.7,0,45642,116
Maryland,2006,4399,5627367,78.17154986,4.2,0,63668,689
Massachusetts,2006,474,6410084,7.394598885,4.7,1,55330,447
Michigan,2006,7780,10036081,77.52029901,7,0,48647,562
Minnesota,2006,284,5163555,5.500086665,4.1,0,56211,312
Mississippi,2006,271,2904978,9.328814194,6.4,0,34733,299
Missouri,2006,1575,5842704,26.95669676,4.9,0,44579,546
Montana,2006,21,952692,2.204280082,3.3,0,41105,254
Nebraska,2006,18,1772693,1.015404247,3,0,48145,282
Nevada,2006,1346,2522658,53.35642009,4,0,52282,742
New Hampshire,2006,13,1308389,0.993588298,3.5,0,61970,139
New Jersey,2006,1035,8661679,11.94918445,4.6,0,68059,352
New Mexico,2006,205,1962137,10.44779238,4.2,0,40028,643
New York,2006,17488,19104631,91.53801505,4.5,0,48222,435
North Carolina,2006,1020,8917270,11.43847837,5.1,0,39797,476
North Dakota,2006,7,649422,1.077881562,3.1,0,41047,128
Ohio,2006,1598,11481213,13.91838998,5.4,0,45900,350
Oklahoma,2006,494,3594090,13.74478658,3.9,0,38838,497
Oregon,2006,136,3670883,3.704830691,5.4,0,47091,280
Pennsylvania,2006,8707,12510809,69.5958191,4.7,0,48477,440
Rhode Island,2006,Not Found,1063096,#VALUE!,5.2,0,53736,228
South Carolina,2006,521,4357847,11.95544497,6.9,0,39617,766
South Dakota,2006,13,783033,1.660211,3,0,45427,171
Tennessee,2006,1757,6088766,28.85642181,5.3,0,40693,760
Texas,2006,10387,23359580,44.46569673,5,0,43307,516
Utah,2006,56,2525507,2.217376551,2.8,0,54628,224
Vermont,2006,15,622892,2.408122114,3.7,0,51981,137
Virginia,2006,717,7673725,9.343571733,3.3,0,57119,282
Washington,2006,277,6370753,4.347994656,5,0,54723,346
West Virginia,2006,83,1827912,4.54069999,5.2,0,38419,280
Wisconsin,2006,592,5577655,10.61377945,4.7,0,51692,284
Wyoming,2006,10,522667,1.913264086,3,0,47041,240
Alabama,2007,929,4672840,19.88084334,4.1,0,42212,448
Alaska,2007,78,680300,11.46552991,6.3,0,62993,661
Arizona,2007,3143,6167681,50.95918547,3.8,0,47215,483
Arkansas,2007,531,2848650,18.64040861,5.4,0,40795,529
California,2007,13089,36250311,36.10727643,5.3,0,55734,523
Colorado,2007,304,4803868,6.328233832,3.7,0,61141,348
Connecticut,2007,188,3527270,5.329901028,4.5,0,64141,256
Delaware,2007,46,871749,5.276748238,3.6,0,54589,689
Florida,2007,651366,18367842,3546.230417,3.3,0,45794,722
Georgia,2007,2156,9349988,23.05885312,4.9,0,48641,493
Hawaii,2007,43,1315675,3.268284341,2.7,0,64022,273
Idaho,2007,57,1505105,3.787111198,3.1,0,49184,239
Illinois,2007,9230,12695866,72.70083033,5.1,1,52506,533
Indiana,2007,1140,6379599,17.8694617,4.6,0,47453,337
Iowa,2007,47,2999212,1.567078286,3.7,0,48908,295
Kansas,2007,275,2783785,9.878636461,4.3,0,48497,453
Kentucky,2007,620,4256672,14.56536938,5.4,0,39452,295
Louisiana,2007,3258,4375581,74.45868332,4.1,0,41313,729
Maine,2007,30,1327040,2.260670364,4.7,0,47894,118
Maryland,2007,4963,5653408,87.78775563,3.7,0,65630,642
Massachusetts,2007,387,6431559,6.017203605,4.5,1,58463,432
Michigan,2007,7357,10001284,73.56055482,7.1,0,49370,536
Minnesota,2007,206,5207203,3.95605856,4.6,0,58058,289
Mississippi,2007,244,2928350,8.332337323,6.2,0,37279,291
Missouri,2007,1937,5887612,32.89958645,5.1,0,46005,505
Montana,2007,15,964706,1.554877859,3.4,0,43655,288
Nebraska,2007,27,1783440,1.513928139,2.9,0,49174,302
Nevada,2007,968,2601072,37.21542502,4.6,0,54058,751
New Hampshire,2007,11,1312540,0.838069697,3.5,0,67576,137
New Jersey,2007,989,8677885,11.3967862,4.2,0,60508,329
New Mexico,2007,297,1990070,14.92409815,3.6,0,44356,664
New York,2007,11517,19132335,60.19652071,4.4,0,48944,414
North Carolina,2007,1030,9118037,11.29629108,5.1,0,43513,466
North Dakota,2007,13,652822,1.991354458,3,0,47205,142
Ohio,2007,1337,11500468,11.62561384,5.6,0,49099,343
Oklahoma,2007,567,3634349,15.60114342,4,0,43216,450
Oregon,2007,111,3722417,2.981933513,5.2,0,50236,288
Pennsylvania,2007,8031,12563937,63.9210464,4.6,0,48437,416
Rhode Island,2007,Not Found,1057315,#VALUE!,5.1,0,54210,227
South Carolina,2007,506,4444110,11.38585679,6.1,0,44213,788
South Dakota,2007,16,791623,2.021164115,2.8,0,46418,169
Tennessee,2007,1778,6175727,28.79013272,4.6,0,41195,753
Texas,2007,10880,23831983,45.65293622,4.4,0,46053,510
Utah,2007,77,2597746,2.964108115,2.6,0,53529,235
Vermont,2007,13,623481,2.085067548,3.9,0,47390,124
Virginia,2007,793,7751000,10.23093794,3.3,0,59161,270
Washington,2007,248,6461587,3.838066407,4.6,0,58080,333
West Virginia,2007,64,1834052,3.489541191,4.8,0,42091,275
Wisconsin,2007,673,5610775,11.99477791,4.8,0,51277,291
Wyoming,2007,18,534876,3.365265968,2.6,0,48744,239
Alabama,2008,763,4718206,16.17140074,5.8,0,44476,453
Alaska,2008,32,687455,4.654850136,6.5,0,63989,652
Arizona,2008,1731,6280362,27.5621055,5.8,0,46914,447
Arkansas,2008,242,2874554,8.418697301,5.4,0,39586,503
California,2008,10927,36604337,29.85165392,7.3,0,57014,503
Colorado,2008,249,4889730,5.09230571,4.9,0,60943,343
Connecticut,2008,234,3545579,6.599768331,5.6,0,64682,298
Delaware,2008,88,883874,9.956170223,5,0,50702,703
Florida,2008,605024,18527305,3265.58018,5.7,0,44857,689
Georgia,2008,1773,9504843,18.65364846,6.8,0,46227,479
Hawaii,2008,38,1332213,2.852396726,4,0,61521,273
Idaho,2008,23,1534320,1.499035403,5,0,47420,229
Illinois,2008,11313,12747038,88.75002961,6.5,1,53254,525
Indiana,2008,1026,6424806,15.96935378,5.9,0,46520,334
Iowa,2008,88,3016734,2.917061962,4.1,0,50142,284
Kansas,2008,206,2808076,7.335983784,4.6,0,47877,411
Kentucky,2008,567,4289878,13.21715909,6.5,0,41148,296
Louisiana,2008,1467,4435586,33.07342029,4.7,0,39563,656
Maine,2008,32,1330509,2.405094592,5.3,0,47228,118
Maryland,2008,3351,5684965,58.94495393,4.5,0,63711,628
Massachusetts,2008,326,6468967,5.039444474,5.3,1,60320,448
Michigan,2008,4892,9946889,49.1812063,8.2,0,49788,502
Minnesota,2008,176,5247018,3.354286187,5.4,0,54925,263
Mississippi,2008,367,2947806,12.44993734,6.7,0,36446,285
Missouri,2008,2351,5923916,39.6865857,6.2,0,46038,504
Montana,2008,28,976415,2.867633127,4.7,0,42900,258
Nebraska,2008,24,1796378,1.336021706,3.2,0,50728,307
Nevada,2008,815,2653630,30.71264645,6.9,0,54744,725
New Hampshire,2008,13,1315906,0.98791251,3.7,0,66176,157
New Jersey,2008,785,8711090,9.011501431,5.4,0,65306,327
New Mexico,2008,208,2010662,10.3448516,4.3,0,42102,650
New York,2008,12382,19212436,64.44783993,5.4,0,50461,398
North Carolina,2008,1022,9309449,10.97809333,6.2,0,42930,467
North Dakota,2008,3,657569,0.456225887,3.1,0,49631,166
Ohio,2008,1269,11515391,11.02003397,6.6,0,46934,348
Oklahoma,2008,464,3668976,12.64658041,3.6,0,46111,527
Oregon,2008,125,3768748,3.316751346,6.2,0,51727,257
Pennsylvania,2008,5769,12612285,45.7411167,5.3,0,51402,410
Rhode Island,2008,Not Found,1055003,#VALUE!,7.6,0,53241,250
South Carolina,2008,404,4528996,8.920299333,7.3,0,42155,730
South Dakota,2008,26,799124,3.253562651,3.1,0,51600,201
Tennessee,2008,1529,6247411,24.47413817,6.5,0,39702,722
Texas,2008,7112,24309039,29.25660698,4.9,0,46490,508
Utah,2008,47,2663029,1.764907555,3.3,0,62537,222
Vermont,2008,17,624151,2.723699874,4.5,0,50706,136
Virginia,2008,525,7833496,6.701988486,4.3,0,61985,256
Washington,2008,240,6562231,3.657292771,5.2,0,56631,331
West Virginia,2008,70,1840310,3.803706984,4.7,0,37994,274
Wisconsin,2008,358,5640996,6.346396984,4.9,0,51200,274
Wyoming,2008,80,546043,14.65086083,2.9,0,53337,232
Alabama,2009,581,4757938,12.21117215,10.1,0,39980,450
Alaska,2009,55,698895,7.869565528,8,0,61604,633
Arizona,2009,1389,6343154,21.8976238,9.7,0,45739,408
Arkansas,2009,241,2896843,8.3194015,7.7,0,36538,518
California,2009,8735,36961229,23.63287216,11.5,0,56134,472
Colorado,2009,263,4972195,5.289414434,7.9,0,55930,338
Connecticut,2009,178,3561807,4.997463366,8.3,0,64851,299
Delaware,2009,60,891730,6.728494051,8.4,0,52114,637
Florida,2009,594351,18652644,3186.416896,9.6,0,45631,613
Georgia,2009,1266,9620846,13.15892594,10.4,0,43340,426
Hawaii,2009,33,1346717,2.450403463,6.7,0,55649,275
Idaho,2009,24,1554439,1.543965379,8.7,0,46778,228
Illinois,2009,10186,12796778,79.59816135,10.2,1,52870,497
Indiana,2009,867,6459325,13.42245513,10.5,0,44305,333
Iowa,2009,45,3032870,1.483743121,6.4,0,50721,280
Kansas,2009,229,2832704,8.084148573,6.9,0,44717,400
Kentucky,2009,377,4317074,8.732766684,10.8,0,42664,259
Louisiana,2009,2329,4491648,51.85179248,6.8,0,45433,620
Maine,2009,27,1329590,2.030701194,8.4,0,47502,120
Maryland,2009,3502,5730388,61.11279027,7.6,0,64186,590
Massachusetts,2009,307,6517613,4.710313423,8.1,1,59373,457
Michigan,2009,6482,9901591,65.46422691,13.1,0,45994,497
Minnesota,2009,115,5281203,2.177534172,7.9,0,56090,244
Mississippi,2009,230,2958774,7.773489966,9.4,0,35078,281
Missouri,2009,1893,5961088,31.75594791,9,0,48769,492
Montana,2009,29,983982,2.947208384,7.1,0,40437,254
Nebraska,2009,99,1812683,5.461517541,4.7,0,49595,282
Nevada,2009,847,2684665,31.54956019,11.7,0,51434,702
New Hampshire,2009,12,1316102,0.911783433,6.1,0,64131,169
New Jersey,2009,928,8755602,10.59892855,9,0,64777,312
New Mexico,2009,374,2036802,18.36211865,7.1,0,43542,619
New York,2009,9967,19307066,51.62358693,8.4,0,50216,385
North Carolina,2009,777,9449566,8.222599853,11,0,41906,404
North Dakota,2009,9,664968,1.353448587,3.9,0,50075,201
Ohio,2009,1360,11528896,11.79644608,10.2,0,45879,332
Oklahoma,2009,607,3717572,16.3278613,6.6,0,45878,501
Oregon,2009,119,3808600,3.124507693,10.8,0,49098,255
Pennsylvania,2009,5170,12666858,40.81517295,8,0,48172,381
Rhode Island,2009,Not Found,1053646,#VALUE!,11.4,0,51634,253
South Carolina,2009,392,4589872,8.540543179,11.4,0,41101,671
South Dakota,2009,19,807067,2.354203554,4.6,0,45826,186
Tennessee,2009,1680,6306019,26.64121374,10.1,0,40517,668
Texas,2009,8557,24801761,34.50158237,7.5,0,47475,491
Utah,2009,42,2723421,1.542178018,7.3,0,58491,213
Vermont,2009,8,624817,1.280374894,6.2,0,52318,131
Virginia,2009,665,7925937,8.390175193,6.8,0,60501,227
Washington,2009,264,6667426,3.959549007,8.3,0,60392,331
West Virginia,2009,82,1847775,4.43776975,8.3,0,40490,297
Wisconsin,2009,434,5669264,7.655314693,9,0,51237,257
Wyoming,2009,14,559851,2.500665356,6.3,0,52470,228
Alabama,2010,255,4785514,5.328581214,10.4,0,40933,384
Alaska,2010,65,713982,9.103870966,8.2,0,57848,635
Arizona,2010,1432,6407342,22.34936109,10.3,0,46896,414
Arkansas,2010,172,2921998,5.886383221,7.9,0,38587,504
California,2010,8032,37319550,21.52223165,12.5,0,54283,440
Colorado,2010,237,5047539,4.69535748,9.2,0,60233,324
Connecticut,2010,202,3579173,5.643761841,9.6,0,65998,282
Delaware,2010,84,899647,9.33699551,8.7,0,55214,623
Florida,2010,594595,18846143,3154.995693,10.8,0,44066,541
Georgia,2010,1472,9712209,15.15618126,10.7,0,44117,402
Hawaii,2010,46,1364004,3.372424128,6.8,0,59539,264
Idaho,2010,24,1570819,1.5278654,8.8,0,47050,221
Illinois,2010,8820,12840545,68.68867326,10.5,1,50728,445
Indiana,2010,942,6490555,14.51339677,10.1,0,46139,323
Iowa,2010,41,3050819,1.343901425,6.1,0,49016,269
Kansas,2010,162,2858266,5.667771999,7,0,46054,371
Kentucky,2010,352,4348464,8.094812329,10.3,0,41104,244
Louisiana,2010,2197,4544635,48.34271619,7.5,0,39300,555
Maine,2010,28,1327651,2.10898798,8.4,0,47931,122
Maryland,2010,2873,5788784,49.6304578,7.8,0,64201,546
Massachusetts,2010,498,6566440,7.584018129,8.1,1,60934,469
Michigan,2010,5028,9877597,50.90306883,12.2,0,46276,493
Minnesota,2010,176,5310934,3.313918042,7.4,0,52321,236
Mississippi,2010,260,2970615,8.752396389,10.1,0,38160,269
Missouri,2010,1893,5996089,31.57057876,9.5,0,45817,458
Montana,2010,23,990730,2.321520495,7.2,0,41280,276
Nebraska,2010,105,1829591,5.738987566,4.7,0,52504,278
Nevada,2010,844,2702483,31.23053873,13.8,0,51200,663
New Hampshire,2010,13,1316807,0.98723655,6.1,0,66633,167
New Jersey,2010,1085,8799451,12.3303147,9.7,0,62968,308
New Mexico,2010,278,2064614,13.46498668,7.8,0,45134,588
New York,2010,144578,19399956,745.2491129,8.7,0,49781,384
North Carolina,2010,718,9574586,7.499018757,10.7,0,43830,363
North Dakota,2010,9,674752,1.33382339,3.7,0,51006,230
Ohio,2010,1409,11539449,12.21028838,10.3,0,45886,315
Oklahoma,2010,494,3760014,13.13824895,6.5,0,43103,481
Oregon,2010,135,3837614,3.517810806,10.7,0,50602,251
Pennsylvania,2010,5117,12711406,40.25518499,8.2,0,48314,367
Rhode Island,2010,Not Found,1053994,#VALUE!,11.6,0,51623,257
South Carolina,2010,352,4635846,7.593004599,11.3,0,41698,602
South Dakota,2010,25,816193,3.06300103,4.9,0,45352,269
Tennessee,2010,1017,6355518,16.00184281,9.8,0,38591,612
Texas,2010,7048,25241897,27.92183171,8.2,0,47266,448
Utah,2010,64,2775413,2.305963113,7.9,0,56701,214
Vermont,2010,7,625886,1.118414536,6.3,0,55928,131
Virginia,2010,649,8024004,8.088231262,7.3,0,60367,214
Washington,2010,223,6743009,3.307128909,9.1,0,56163,314
West Virginia,2010,60,1854265,3.235783451,8.7,0,42777,301
Wisconsin,2010,576,5690538,10.12206579,8.5,0,50351,249
Wyoming,2010,8,564531,1.417105527,6.9,0,52201,198
Alabama,2011,Not Found,4799642,#VALUE!,9.6,0,42590,420
Alaska,2011,56,722349,7.752485295,7.8,0,57431,607
Arizona,2011,1308,6473416,20.20571519,9.4,0,48621,406
Arkansas,2011,232,2941038,7.888371385,7.9,0,41302,481
California,2011,9769,37636311,25.95631649,11.9,0,53367,411
Colorado,2011,304,5121900,5.935297448,8.7,0,58629,320
Connecticut,2011,211,3588632,5.879677827,9,0,65415,273
Delaware,2011,78,907590,8.594189006,7.6,0,54660,560
Florida,2011,617072,19055607,3238.269975,10,0,45105,515
Georgia,2011,1223,9803630,12.47497101,10.1,0,45973,373
Hawaii,2011,40,1379562,2.899470992,6.8,0,59047,287
Idaho,2011,32,1584272,2.019855176,8.2,0,47459,201
Illinois,2011,9728,12867783,75.59965846,9.8,1,50637,429
Indiana,2011,958,6517250,14.69945146,8.9,0,44445,332
Iowa,2011,53,3066772,1.72820151,5.6,0,50219,256
Kansas,2011,184,2869677,6.411871441,6.4,0,46147,354
Kentucky,2011,278,4370817,6.360366952,9.4,0,39856,238
Louisiana,2011,2523,4576244,55.13254975,7.4,0,40658,555
Maine,2011,39,1328473,2.935701365,7.7,0,49693,123
Maryland,2011,2656,5840241,45.47757533,7.3,0,68876,494
Massachusetts,2011,401,6614218,6.062697057,7.2,1,63313,428
Michigan,2011,6443,9883053,65.19240563,10,0,48879,445
Minnesota,2011,134,5346620,2.506256289,6.5,0,57820,221
Mississippi,2011,328,2979147,11.00986289,9.8,0,41090,269
Missouri,2011,1598,6011182,26.58379001,8.6,0,45774,447
Montana,2011,20,997518,2.004976351,6.6,0,40277,267
Nebraska,2011,150,1840914,8.14812642,4.4,0,55616,253
Nevada,2011,541,2713114,19.94018681,13.3,0,47043,562
New Hampshire,2011,18,1320444,1.36317784,5.5,0,65880,188
New Jersey,2011,960,8828552,10.87381034,9.4,0,62338,308
New Mexico,2011,210,2080707,10.09272329,7.2,0,41982,568
New York,2011,11861,19499921,60.82588745,8.3,0,50636,398
North Carolina,2011,802,9658913,8.303211759,10.3,0,45206,350
North Dakota,2011,17,685526,2.479847591,3.3,0,56361,247
Ohio,2011,1296,11545735,11.22492418,8.8,0,44648,307
Oklahoma,2011,472,3788824,12.45769136,5.6,0,48455,455
Oregon,2011,133,3872672,3.434321316,9.6,0,51526,248
Pennsylvania,2011,5746,12747052,45.0770892,7.8,0,49910,355
Rhode Island,2011,Not Found,1053829,#VALUE!,11,0,49033,248
South Carolina,2011,422,4672655,9.031268091,10.4,0,40084,572
South Dakota,2011,21,823740,2.549348095,4.6,0,47223,254
Tennessee,2011,1395,6400298,21.79586013,9.1,0,42279,608
Texas,2011,4880,25645504,19.02867653,8,0,49047,409
Utah,2011,58,2814797,2.060539357,7.1,0,55493,195
Vermont,2011,11,627197,1.753834919,5.6,0,51862,135
Virginia,2011,467,8102437,5.763698008,6.6,0,62616,197
Washington,2011,221,6827479,3.236919513,8.5,0,56850,295
West Virginia,2011,87,1856606,4.68596999,7.8,0,41821,316
Wisconsin,2011,483,5705840,8.465011287,7.6,0,52058,237
Wyoming,2011,22,567491,3.876713463,6.2,0,54509,219
Alabama,2012,2,4816632,0.04152279,8.2,0,43464,450
Alaska,2012,59,730810,8.073233809,7.2,0,63648,604
Arizona,2012,1256,6556344,19.157018,8.3,0,47044,429
Arkansas,2012,296,2952876,10.02412563,7.3,0,39018,470
California,2012,8846,37944551,23.31296528,10.5,0,57020,424
Colorado,2012,282,5193660,5.429696977,8,0,57255,307
Connecticut,2012,275,3595211,7.649064269,8.4,0,64247,284
Delaware,2012,88,915518,9.612044766,7.1,0,48972,551
Florida,2012,569475,19302016,2950.339488,8.6,0,46071,487
Georgia,2012,1350,9903580,13.63143429,9,0,48121,380
Hawaii,2012,34,1395199,2.436928352,5.9,0,56263,243
Idaho,2012,29,1595910,1.817145077,7.4,0,47922,210
Illinois,2012,11369,12883029,88.24788022,9,1,51738,416
Indiana,2012,1661,6538989,25.40148026,8.2,0,46158,345
Iowa,2012,54,3076844,1.755045105,5.1,0,53442,266
Kansas,2012,155,2886024,5.370710708,5.7,0,50003,357
Kentucky,2012,372,4387865,8.477927192,8.2,0,41086,225
Louisiana,2012,2629,4602067,57.12650424,6.7,0,39085,496
Maine,2012,34,1328094,2.560059755,7.2,0,49158,122
Maryland,2012,2791,5888375,47.39847581,6.9,0,71836,477
Massachusetts,2012,271,6664269,4.066462503,6.7,1,63656,407
Michigan,2012,7588,9898289,76.65971361,9,0,50015,455
Minnesota,2012,201,5377500,3.737796374,5.6,0,61795,231
Mississippi,2012,374,2984599,12.53099663,8.8,0,36641,260
Missouri,2012,1507,6026027,25.00818533,7.2,0,49764,451
Montana,2012,25,1004168,2.48962325,5.8,0,45088,279
Nebraska,2012,114,1853691,6.149892296,3.9,0,52196,259
Nevada,2012,485,2744670,17.6706125,11.6,0,47333,609
New Hampshire,2012,17,1324677,1.28333171,5.4,0,67819,215
New Jersey,2012,1084,8845671,12.25458193,9.4,0,66692,290
New Mexico,2012,190,2087715,9.100859073,7,0,43424,560
New York,2012,8227,19574362,42.02946691,8.6,0,47680,406
North Carolina,2012,753,9751810,7.721643469,9.5,0,41553,354
North Dakota,2012,14,702227,1.993657322,2.9,0,55766,246
Ohio,2012,1151,11550971,9.964530255,7.4,0,44375,302
Oklahoma,2012,670,3819320,17.54238974,5.1,0,48407,474
Oregon,2012,141,3900102,3.615290062,8.8,0,51775,247
Pennsylvania,2012,5973,12769123,46.77690081,7.7,0,51904,356
Rhode Island,2012,Not Found,1054893,#VALUE!,10.2,0,56065,253
South Carolina,2012,462,4719027,9.790153775,9,0,44401,561
South Dakota,2012,16,833859,1.918789628,4.1,0,49415,324
Tennessee,2012,1620,6455752,25.09390076,8,0,42995,639
Texas,2012,5941,26084120,22.77630988,6.7,0,51926,409
Utah,2012,63,2854146,2.207315253,4.8,0,58341,208
Vermont,2012,11,626361,1.756175752,4.8,0,55582,142
Virginia,2012,568,8187456,6.937441862,5.9,0,64632,192
Washington,2012,292,6898599,4.232743489,7.7,0,62187,298
West Virginia,2012,75,1857446,4.037802445,7.2,0,43553,320
Wisconsin,2012,600,5720825,10.4879978,6.9,0,53079,284
Wyoming,2012,18,576656,3.121445021,5.5,0,57512,201
Alabama,2013,2,4831586,0.041394275,7.3,0,42278,431
Alaska,2013,68,737626,9.218763981,7,0,67629,639
Arizona,2013,1539,6634690,23.19626087,7.8,0,49254,416
Arkansas,2013,216,2960459,7.296165899,7.1,0,44922,463
California,2013,7695,38253768,20.11566547,9,0,60487,403
Colorado,2013,307,5270774,5.824571496,6.7,0,60940,305
Connecticut,2013,147,3595792,4.088111882,8,1,70161,262
Delaware,2013,50,924062,5.410892343,6.6,0,57522,501
Florida,2013,521043,19551678,2664.95285,7.5,0,46140,469
Georgia,2013,1199,9975592,12.0193368,8.1,0,49555,375
Hawaii,2013,39,1408822,2.768270229,4.8,0,71223,254
Idaho,2013,32,1612053,1.985046397,6.8,0,53438,215
Illinois,2013,8791,12895778,68.16959783,9.1,1,54916,403
Indiana,2013,2816,6570575,42.85774076,7.5,0,48060,360
Iowa,2013,51,3093935,1.648386278,4.7,0,57810,273
Kansas,2013,161,2894306,5.562646106,5.3,0,53444,343
Kentucky,2013,309,4406906,7.011722056,7.9,0,42786,211
Louisiana,2013,1785,4626040,38.58591798,6.4,0,42406,521
Maine,2013,32,1328543,2.408653691,6.7,0,51710,133
Maryland,2013,2973,5925197,50.17554691,6.5,0,76165,475
Massachusetts,2013,227,6715158,3.380411898,6.6,1,63151,406
Michigan,2013,5304,9914802,53.49577329,8.7,0,52005,452
Minnesota,2013,200,5414722,3.693633764,5,0,67244,234
Mississippi,2013,242,2989839,8.09408132,8.5,0,35521,278
Missouri,2013,1584,6042989,26.212194,6.8,0,56630,434
Montana,2013,16,1014158,1.577663441,5.4,0,51102,288
Nebraska,2013,157,1865813,8.414562445,3.7,0,56870,265
Nevada,2013,587,2776956,21.13825354,10,0,49875,605
New Hampshire,2013,25,1327272,1.883562676,5.3,0,73397,223
New Jersey,2013,1200,8857821,13.54734985,8.4,0,65243,289
New Mexico,2013,208,2092833,9.938681204,6.9,0,46686,623
New York,2013,5557,19626488,28.31377677,7.8,0,54310,394
North Carolina,2013,750,9846717,7.616751857,7.8,0,46784,341
North Dakota,2013,11,723149,1.521124969,2.9,0,60730,273
Ohio,2013,1708,11579692,14.74996053,7.5,0,49644,291
Oklahoma,2013,574,3853891,14.89403826,5.1,0,47199,446
Oregon,2013,103,3924110,2.624798999,7.8,0,58875,243
Pennsylvania,2013,3919,12779538,30.66621031,7.1,0,55173,335
Rhode Island,2013,Not Found,1055560,#VALUE!,9.5,0,58633,257
South Carolina,2013,395,4766469,8.287056939,7.4,0,44929,509
South Dakota,2013,13,842751,1.54256714,3.7,0,53053,323
Tennessee,2013,1306,6496943,20.10176171,7.8,0,43716,586
Texas,2013,6554,26479646,24.75108617,6.3,0,53875,410
Utah,2013,51,2898773,1.759365083,4.2,0,63383,229
Vermont,2013,11,626603,1.7554975,4.4,0,60708,124
Virginia,2013,521,8255861,6.310668263,5.6,0,66155,198
Washington,2013,246,6966252,3.531310667,6.6,0,59068,290
West Virginia,2013,63,1854768,3.396651225,6.7,0,39552,305
Wisconsin,2013,786,5738012,13.69812402,6.7,0,58080,281
Wyoming,2013,18,582620,3.089492293,4.8,0,55690,208
Alabama,2014,1,4843737,0.020645217,6.7,0,42278,428
Alaska,2014,74,737075,10.03968389,6.7,0,67629,636
Arizona,2014,1187,6732873,17.62991816,6.8,0,49254,393
Arkansas,2014,295,2968759,9.936811981,5.9,0,44922,480
California,2014,6784,38586706,17.58118457,7.6,0,60487,396
Colorado,2014,238,5352637,4.44640651,5,0,60940,308
Connecticut,2014,122,3595697,3.3929444,6.6,1,70161,239
Delaware,2014,82,933131,8.787619316,5.6,0,57522,488
Florida,2014,511746,19853880,2577.561666,6.4,0,46140,459
Georgia,2014,1747,10071204,17.34648608,7.1,0,49555,386
Hawaii,2014,18,1415335,1.271783712,4.2,0,71223,237
Idaho,2014,31,1632248,1.899221197,4.4,0,53438,210
Illinois,2014,8597,12885092,66.72051701,7.2,1,54916,371
Indiana,2014,3028,6596019,45.90647783,5.9,0,48060,365
Iowa,2014,77,3110643,2.475372455,4.2,0,57810,273
Kansas,2014,192,2901861,6.616443724,4.5,0,53444,353
Kentucky,2014,335,4416992,7.584346995,6.4,0,42786,215
Louisiana,2014,1818,4645938,39.13095698,6.3,0,42406,516
Maine,2014,29,1331217,2.178457757,5.6,0,51710,128
Maryland,2014,2612,5960064,43.82503275,5.7,0,76165,448
Massachusetts,2014,260,6764864,3.843388426,5.7,1,63151,395
Michigan,2014,4701,9932033,47.33169936,7.2,0,52005,429
Minnesota,2014,148,5452665,2.714269078,4.3,0,67244,229
Mississippi,2014,393,2991892,13.13550088,7.6,0,35521,278
Missouri,2014,1879,6059130,31.01105274,6.2,0,56630,443
Montana,2014,33,1022657,3.22688839,4.7,0,51102,329
Nebraska,2014,644,1879955,34.25613911,3.3,0,56870,276
Nevada,2014,959,2818935,34.01994015,8.2,0,49875,636
New Hampshire,2014,19,1334257,1.424013515,4.3,0,73397,198
New Jersey,2014,896,8867277,10.10456761,6.7,0,65243,261
New Mexico,2014,276,2090236,13.20425062,6.6,0,46686,598
New York,2014,5932,19653431,30.18302504,6.3,0,54310,385
North Carolina,2014,716,9937295,7.205180082,6.1,0,46784,329
North Dakota,2014,16,738736,2.165861688,2.6,0,60730,270
Ohio,2014,1497,11606573,12.89786399,5.8,0,49644,286
Oklahoma,2014,16826,3879187,433.7506802,4.3,0,47199,414
Oregon,2014,143,3965447,3.606150832,6.7,0,58875,259
Pennsylvania,2014,3753,12792392,29.33775013,5.9,0,55173,315
Rhode Island,2014,Not Found,1056511,#VALUE!,7.8,0,58633,220
South Carolina,2014,456,4826858,9.447139319,6.3,0,44929,498
South Dakota,2014,24,849670,2.824626031,3.3,0,53053,328
Tennessee,2014,1640,6544617,25.05876203,6.6,0,43716,611
Texas,2014,9036,26963092,33.51247698,5.2,0,53875,407
Utah,2014,81,2938327,2.756670718,3.6,0,63383,220
Vermont,2014,12,625693,1.917873462,4,0,60708,103
Virginia,2014,553,8315430,6.650287478,5.1,0,66155,198
Washington,2014,270,7057531,3.825700518,5.9,0,59068,286
West Virginia,2014,81,1850569,4.377032145,6.5,0,39552,316
Wisconsin,2014,547,5753199,9.50775386,5.3,0,58080,291
Wyoming,2014,14,583159,2.400717472,4.3,0,55690,195
Alabama,2015,Not Found,4854803,#VALUE!,Not Found,0,44509,473
Alaska,2015,Not Found,738430,#VALUE!,Not Found,0,75112,731
Arizona,2015,Not Found,6832810,#VALUE!,Not Found,0,52248,410
Arkansas,2015,Not Found,2979732,#VALUE!,Not Found,0,42798,530
California,2015,Not Found,38904296,#VALUE!,Not Found,0,63636,428
Colorado,2015,Not Found,5454328,#VALUE!,Not Found,0,66596,318
Connecticut,2015,Not Found,3588561,#VALUE!,Not Found,1,72889,221
Delaware,2015,Not Found,942065,#VALUE!,Not Found,0,57756,504
Florida,2015,Not Found,20219111,#VALUE!,Not Found,0,48825,463
Georgia,2015,Not Found,10183353,#VALUE!,Not Found,0,50768,381
Hawaii,2015,Not Found,1422999,#VALUE!,Not Found,0,64514,248
Idaho,2015,Not Found,1652495,#VALUE!,Not Found,0,51624,217
Illinois,2015,Not Found,12859585,#VALUE!,Not Found,1,60413,388
Indiana,2015,Not Found,6611442,#VALUE!,Not Found,0,51983,384
Iowa,2015,Not Found,3122541,#VALUE!,Not Found,0,60855,276
Kansas,2015,Not Found,2910717,#VALUE!,Not Found,0,54865,395
Kentucky,2015,Not Found,4429126,#VALUE!,Not Found,0,42387,224
Louisiana,2015,Not Found,4666998,#VALUE!,Not Found,0,45922,540
Maine,2015,Not Found,1329098,#VALUE!,Not Found,0,50756,130
Maryland,2015,Not Found,5988528,#VALUE!,Not Found,0,73594,470
Massachusetts,2015,Not Found,6797484,#VALUE!,Not Found,1,67861,390
Michigan,2015,Not Found,9934483,#VALUE!,Not Found,0,54203,421
Minnesota,2015,Not Found,5484002,#VALUE!,Not Found,0,68730,243
Mississippi,2015,Not Found,2990231,#VALUE!,Not Found,0,40037,274
Missouri,2015,Not Found,6075411,#VALUE!,Not Found,0,59196,499
Montana,2015,Not Found,1031495,#VALUE!,Not Found,0,51395,353
Nebraska,2015,Not Found,1892059,#VALUE!,Not Found,0,60474,273
Nevada,2015,Not Found,2868531,#VALUE!,Not Found,0,52008,698
New Hampshire,2015,Not Found,1337480,#VALUE!,Not Found,0,75675,202
New Jersey,2015,Not Found,8870312,#VALUE!,Not Found,0,68357,256
New Mexico,2015,Not Found,2090071,#VALUE!,Not Found,0,45119,657
New York,2015,Not Found,19657321,#VALUE!,Not Found,0,58005,380
North Carolina,2015,Not Found,10037218,#VALUE!,Not Found,0,50797,346
North Dakota,2015,Not Found,755537,#VALUE!,Not Found,0,57415,258
Ohio,2015,Not Found,11622315,#VALUE!,Not Found,0,53301,296
Oklahoma,2015,Not Found,3910518,#VALUE!,Not Found,0,47077,429
Oregon,2015,Not Found,4018542,#VALUE!,Not Found,0,60834,265
Pennsylvania,2015,Not Found,12789838,#VALUE!,Not Found,0,60389,315
Rhode Island,2015,Not Found,1056886,#VALUE!,Not Found,0,55701,243
South Carolina,2015,Not Found,4896006,#VALUE!,Not Found,0,46360,500
South Dakota,2015,Not Found,854663,#VALUE!,Not Found,0,55065,385
Tennessee,2015,Not Found,6595354,#VALUE!,Not Found,0,47330,619
Texas,2015,Not Found,27468531,#VALUE!,Not Found,0,56473,413
Utah,2015,Not Found,2983626,#VALUE!,Not Found,0,66258,239
Vermont,2015,Not Found,625810,#VALUE!,Not Found,0,59494,119
Virginia,2015,Not Found,8367303,#VALUE!,Not Found,0,61486,200
Washington,2015,Not Found,7167287,#VALUE!,Not Found,0,67243,286
West Virginia,2015,Not Found,1843332,#VALUE!,Not Found,0,42824,348
Wisconsin,2015,Not Found,5762927,#VALUE!,Not Found,0,55425,304
Wyoming,2015,Not Found,586389,#VALUE!,Not Found,0,60925,222
Alabama,2016,Not Found,4866824,#VALUE!,Not Found,0,47221,532
Alaska,2016,Not Found,742575,#VALUE!,Not Found,0,75723,805
Arizona,2016,Not Found,6944767,#VALUE!,Not Found,0,57100,471
Arkansas,2016,Not Found,2991815,#VALUE!,Not Found,0,45907,554
California,2016,Not Found,39149186,#VALUE!,Not Found,0,66637,445
Colorado,2016,Not Found,5543844,#VALUE!,Not Found,0,70566,344
Connecticut,2016,Not Found,3579830,#VALUE!,Not Found,1,75923,228
Delaware,2016,Not Found,949989,#VALUE!,Not Found,0,58046,510
Florida,2016,Not Found,20627237,#VALUE!,Not Found,0,51176,429
Georgia,2016,Not Found,10308442,#VALUE!,Not Found,0,53527,390
Hawaii,2016,Not Found,1428885,#VALUE!,Not Found,0,72133,242
Idaho,2016,Not Found,1684036,#VALUE!,Not Found,0,56564,231
Illinois,2016,Not Found,12821709,#VALUE!,Not Found,1,61386,437
Indiana,2016,Not Found,6637898,#VALUE!,Not Found,0,56094,400
Iowa,2016,Not Found,3133210,#VALUE!,Not Found,0,59094,293
Kansas,2016,Not Found,2912977,#VALUE!,Not Found,0,56810,401
Kentucky,2016,Not Found,4440306,#VALUE!,Not Found,0,45369,236
Louisiana,2016,Not Found,4681346,#VALUE!,Not Found,0,42196,565
Maine,2016,Not Found,1332348,#VALUE!,Not Found,0,50856,124
Maryland,2016,Not Found,6007014,#VALUE!,Not Found,0,73760,482
Massachusetts,2016,Not Found,6827280,#VALUE!,Not Found,1,72266,381
Michigan,2016,Not Found,9954117,#VALUE!,Not Found,0,57091,461
Minnesota,2016,Not Found,5525360,#VALUE!,Not Found,0,70218,242
Mississippi,2016,Not Found,2990595,#VALUE!,Not Found,0,41099,282
Missouri,2016,Not Found,6091384,#VALUE!,Not Found,0,55016,521
Montana,2016,Not Found,1042137,#VALUE!,Not Found,0,57075,374
Nebraska,2016,Not Found,1906483,#VALUE!,Not Found,0,59374,297
Nevada,2016,Not Found,2919555,#VALUE!,Not Found,0,55431,678
New Hampshire,2016,Not Found,1343694,#VALUE!,Not Found,0,76260,200
New Jersey,2016,Not Found,8873584,#VALUE!,Not Found,0,68468,244
New Mexico,2016,Not Found,2092555,#VALUE!,Not Found,0,48451,699
New York,2016,Not Found,19636391,#VALUE!,Not Found,0,61437,375
North Carolina,2016,Not Found,10161802,#VALUE!,Not Found,0,53764,372
North Dakota,2016,Not Found,756114,#VALUE!,Not Found,0,60184,252
Ohio,2016,Not Found,11640060,#VALUE!,Not Found,0,53985,308
Oklahoma,2016,Not Found,3928143,#VALUE!,Not Found,0,50943,455
Oregon,2016,Not Found,4093271,#VALUE!,Not Found,0,59135,269
Pennsylvania,2016,Not Found,12788468,#VALUE!,Not Found,0,60979,316
Rhode Island,2016,Not Found,1057816,#VALUE!,Not Found,0,61528,239
South Carolina,2016,Not Found,4963031,#VALUE!,Not Found,0,54336,507
South Dakota,2016,Not Found,863693,#VALUE!,Not Found,0,57450,422
Tennessee,2016,Not Found,6651277,#VALUE!,Not Found,0,51344,639
Texas,2016,Not Found,27914064,#VALUE!,Not Found,0,58146,434
Utah,2016,Not Found,3044241,#VALUE!,Not Found,0,67481,243
Vermont,2016,Not Found,624366,#VALUE!,Not Found,0,60837,137
Virginia,2016,Not Found,8417651,#VALUE!,Not Found,0,66451,220
Washington,2016,Not Found,7299961,#VALUE!,Not Found,0,70310,304
West Virginia,2016,Not Found,1832435,#VALUE!,Not Found,0,44354,363
Wisconsin,2016,Not Found,5775170,#VALUE!,Not Found,0,59817,307
Wyoming,2016,Not Found,585243,#VALUE!,Not Found,0,57829,245
Alabama,2017,Not Found,4877989,#VALUE!,Not Found,0,51113,524
Alaska,2017,Not Found,740983,#VALUE!,Not Found,0,72231,829
Arizona,2017,Not Found,7048088,#VALUE!,Not Found,0,61125,508
Arkansas,2017,Not Found,3003855,#VALUE!,Not Found,0,48829,555
California,2017,Not Found,39337785,#VALUE!,Not Found,0,69759,449
Colorado,2017,Not Found,5617421,#VALUE!,Not Found,0,74172,368
Connecticut,2017,Not Found,3575324,#VALUE!,Not Found,1,72780,228
Delaware,2017,Not Found,957942,#VALUE!,Not Found,0,62318,453
Florida,2017,Not Found,20977089,#VALUE!,Not Found,0,53681,408
Georgia,2017,Not Found,10417031,#VALUE!,Not Found,0,57016,357
Hawaii,2017,Not Found,1425763,#VALUE!,Not Found,0,73575,251
Idaho,2017,Not Found,1719745,#VALUE!,Not Found,0,60208,226
Illinois,2017,Not Found,12779893,#VALUE!,Not Found,1,64609,439
Indiana,2017,Not Found,6662068,#VALUE!,Not Found,0,58873,399
Iowa,2017,Not Found,3143734,#VALUE!,Not Found,0,63481,293
Kansas,2017,Not Found,2910892,#VALUE!,Not Found,0,57872,413
Kentucky,2017,Not Found,4455590,#VALUE!,Not Found,0,51348,226
Louisiana,2017,Not Found,4673673,#VALUE!,Not Found,0,43903,557
Maine,2017,Not Found,1335743,#VALUE!,Not Found,0,51664,121
Maryland,2017,Not Found,6028186,#VALUE!,Not Found,0,81084,500
Massachusetts,2017,Not Found,6863560,#VALUE!,Not Found,1,73227,358
Michigan,2017,Not Found,9976752,#VALUE!,Not Found,0,57700,450
Minnesota,2017,Not Found,5569283,#VALUE!,Not Found,0,71920,238
Mississippi,2017,Not Found,2990674,#VALUE!,Not Found,0,43441,286
Missouri,2017,Not Found,6111382,#VALUE!,Not Found,0,56885,530
Montana,2017,Not Found,1053862,#VALUE!,Not Found,0,59087,377
Nebraska,2017,Not Found,1916998,#VALUE!,Not Found,0,59619,306
Nevada,2017,Not Found,2972097,#VALUE!,Not Found,0,56550,556
New Hampshire,2017,Not Found,1350395,#VALUE!,Not Found,0,74801,199
New Jersey,2017,Not Found,8888147,#VALUE!,Not Found,0,72997,229
New Mexico,2017,Not Found,2092844,#VALUE!,Not Found,0,47855,784
New York,2017,Not Found,19593849,#VALUE!,Not Found,0,62447,357
North Carolina,2017,Not Found,10275758,#VALUE!,Not Found,0,50343,364
North Dakota,2017,Not Found,756755,#VALUE!,Not Found,0,59886,281
Ohio,2017,Not Found,11665706,#VALUE!,Not Found,0,59768,298
Oklahoma,2017,Not Found,3933602,#VALUE!,Not Found,0,55006,456
Oregon,2017,Not Found,4147294,#VALUE!,Not Found,0,64610,282
Pennsylvania,2017,Not Found,12794679,#VALUE!,Not Found,0,63173,313
Rhode Island,2017,Not Found,1056554,#VALUE!,Not Found,0,66390,232
South Carolina,2017,Not Found,5027102,#VALUE!,Not Found,0,54971,506
South Dakota,2017,Not Found,873732,#VALUE!,Not Found,0,56894,434
Tennessee,2017,Not Found,6714748,#VALUE!,Not Found,0,55240,652
Texas,2017,Not Found,28291024,#VALUE!,Not Found,0,59295,439
Utah,2017,Not Found,3103540,#VALUE!,Not Found,0,71319,239
Vermont,2017,Not Found,625132,#VALUE!,Not Found,0,63805,166
Virginia,2017,Not Found,8471011,#VALUE!,Not Found,0,71293,208
Washington,2017,Not Found,7427951,#VALUE!,Not Found,0,75418,305
West Virginia,2017,Not Found,1818683,#VALUE!,Not Found,0,45392,351
Wisconsin,2017,Not Found,5793147,#VALUE!,Not Found,0,63451,320
Wyoming,2017,Not Found,579994,#VALUE!,Not Found,0,57837,238